"","ID","Description","GeneRatio","BgRatio","RichFactor","FoldEnrichment","zScore","pvalue","p.adjust","qvalue","geneID","Count"
"GO:0051607","GO:0051607","defense response to virus","39/91","307/18888",0.127035830618893,26.3676128431829,31.1797165390323,5.60132713037498e-46,7.10607848466622e-43,5.95935425651805e-43,"EIF2AK2/OAS1/RIGI/OAS3/OAS2/TRIM38/IFIH1/GBP3/GBP1/IFIT3/IFIT2/NT5C3A/IFI6/TRIM22/RSAD2/OASL/RTP4/DDX60/CASP1/IFI44L/PARP9/HERC5/IFITM3/IFIT5/GBP5/MX1/IFI16/AIM2/DTX3L/IFI27/CXCL10/STAT2/DDX60L/MX2/USP18/IFIT1/IFITM1/ISG15/PLSCR1",39
"GO:0009615","GO:0009615","response to virus","42/91","409/18888",0.102689486552567,21.3142749670867,28.8989233759771,9.02932463108796e-46,7.10607848466622e-43,5.95935425651805e-43,"EIF2AK2/OAS1/RIGI/CCL8/OAS3/OAS2/TRIM38/IFIH1/GBP3/GBP1/IFIT3/IFIT2/NT5C3A/NMI/IFI6/TRIM22/RSAD2/OASL/RTP4/DDX60/CASP1/IFI44L/IFI44/PARP9/HERC5/IFITM3/IFIT5/GBP5/MX1/IFI16/AIM2/DTX3L/IFI27/CXCL10/STAT2/DDX60L/MX2/USP18/IFIT1/IFITM1/ISG15/PLSCR1",42
"GO:0019079","GO:0019079","viral genome replication","19/91","129/18888",0.147286821705426,30.5709174546384,23.4483737610649,2.17389063168484e-23,1.14056795142398e-20,9.56511877941332e-21,"EIF2AK2/OAS1/CCL2/CCL8/OAS3/OAS2/TRIM38/IFIH1/RSAD2/OASL/IFITM3/IFIT5/MX1/IFI16/IFI27/IFIT1/IFITM1/ISG15/PLSCR1",19
"GO:0045071","GO:0045071","negative regulation of viral genome replication","15/91","55/18888",0.272727272727273,56.6073926073926,28.7350554109001,5.30837620590896e-23,2.08884603702518e-20,1.75176414794996e-20,"EIF2AK2/OAS1/OAS3/OAS2/IFIH1/RSAD2/OASL/IFITM3/IFIT5/MX1/IFI16/IFIT1/IFITM1/ISG15/PLSCR1",15
"GO:0019058","GO:0019058","viral life cycle","24/91","319/18888",0.0752351097178683,15.6158324434187,18.3181898030208,2.62616156471126e-22,8.26715660571104e-20,6.93306653083772e-20,"EIF2AK2/LAMP3/CHMP5/SIGLEC1/OAS1/CCL2/CCL8/OAS3/OAS2/TRIM38/IFIH1/TRIM22/RSAD2/OASL/IFITM3/DYNLT1/IFIT5/MX1/IFI16/IFI27/IFIT1/IFITM1/ISG15/PLSCR1",24
"GO:0045069","GO:0045069","regulation of viral genome replication","16/91","85/18888",0.188235294117647,39.0702003878474,24.475916799215,1.26937420690242e-21,3.32999166944068e-19,2.79262325518532e-19,"EIF2AK2/OAS1/OAS3/OAS2/TRIM38/IFIH1/RSAD2/OASL/IFITM3/IFIT5/MX1/IFI16/IFIT1/IFITM1/ISG15/PLSCR1",16
"GO:0050792","GO:0050792","regulation of viral process","19/91","168/18888",0.113095238095238,23.4740973312402,20.3583178980977,3.99219276266543e-21,8.97673058347912e-19,7.52813492388337e-19,"EIF2AK2/LAMP3/OAS1/OAS3/OAS2/TRIM38/IFIH1/TRIM22/RSAD2/OASL/IFITM3/DYNLT1/IFIT5/MX1/IFI16/IFIT1/IFITM1/ISG15/PLSCR1",19
"GO:1903900","GO:1903900","regulation of viral life cycle","18/91","143/18888",0.125874125874126,26.1264888957197,20.9852920547269,6.57424329068054e-21,1.2934823674414e-18,1.08475014296229e-18,"EIF2AK2/LAMP3/OAS1/OAS3/OAS2/TRIM38/IFIH1/TRIM22/RSAD2/OASL/IFITM3/IFIT5/MX1/IFI16/IFIT1/IFITM1/ISG15/PLSCR1",18
"GO:0016032","GO:0016032","viral process","25/91","428/18888",0.058411214953271,12.1238574509603,16.1964325463801,1.538440865392e-20,2.69056213569667e-18,2.25637993590826e-18,"EIF2AK2/LAMP3/CHMP5/SIGLEC1/OAS1/CCL2/CCL8/OAS3/OAS2/TRIM38/IFIH1/TRIM22/RSAD2/OASL/PARP9/IFITM3/DYNLT1/IFIT5/MX1/IFI16/IFI27/IFIT1/IFITM1/ISG15/PLSCR1",25
"GO:0048525","GO:0048525","negative regulation of viral process","15/91","93/18888",0.161290322580645,33.4774902516838,21.8454344402881,3.01727276862906e-19,4.74918733782214e-17,3.98280005459036e-17,"EIF2AK2/OAS1/OAS3/OAS2/IFIH1/RSAD2/OASL/IFITM3/IFIT5/MX1/IFI16/IFIT1/IFITM1/ISG15/PLSCR1",15
"GO:0045088","GO:0045088","regulation of innate immune response","22/91","440/18888",0.05,10.378021978022,13.8490778021868,1.14339313963482e-16,1.63609163798655e-14,1.37207176756178e-14,"EIF2AK2/OAS1/RIGI/MAP2K6/OAS3/IFIH1/CD274/NMI/FFAR2/RSAD2/OASL/DDX60/CASP1/PARP9/SERPING1/GBP5/IFI16/AIM2/STAT2/USP18/ISG15/PLSCR1",22
"GO:0034340","GO:0034340","response to type I interferon","12/91","90/18888",0.133333333333333,27.6747252747253,17.6491300379235,1.489230259498e-14,1.95337369037487e-12,1.6381532854478e-12,"OAS1/OAS3/OAS2/IFIH1/IFITM3/MX1/IFI27/STAT2/USP18/IFIT1/IFITM1/ISG15",12
"GO:0140374","GO:0140374","antiviral innate immune response","10/91","50/18888",0.2,41.5120879120879,19.9576842749973,3.55379170797131e-14,4.30282165257449e-12,3.60846542655549e-12,"EIF2AK2/OAS1/RIGI/IFIH1/IFIT3/IFIT2/MX1/CXCL10/USP18/IFIT1",10
"GO:0045089","GO:0045089","positive regulation of innate immune response","18/91","365/18888",0.0493150684931507,10.2358572933915,12.3972653905999,1.21780218563629e-13,1.3691576001368e-11,1.14821348931421e-11,"EIF2AK2/OAS1/RIGI/MAP2K6/OAS3/IFIH1/CD274/NMI/FFAR2/RSAD2/OASL/DDX60/CASP1/PARP9/GBP5/IFI16/AIM2/PLSCR1",18
"GO:0071357","GO:0071357","cellular response to type I interferon","11/91","84/18888",0.130952380952381,27.1805337519623,16.7321185820645,2.42595167228319e-13,2.54563195478249e-11,2.13483747160921e-11,"OAS1/OAS3/OAS2/IFIH1/IFITM3/IFI27/STAT2/USP18/IFIT1/IFITM1/ISG15",11
"GO:0002833","GO:0002833","positive regulation of response to biotic stimulus","18/91","390/18888",0.0461538461538462,9.57971259509721,11.9124357582811,3.75903203552696e-13,3.69794776494965e-11,3.10120142930975e-11,"EIF2AK2/OAS1/RIGI/MAP2K6/OAS3/IFIH1/CD274/NMI/FFAR2/RSAD2/OASL/DDX60/CASP1/PARP9/GBP5/IFI16/AIM2/PLSCR1",18
"GO:0002218","GO:0002218","activation of innate immune response","16/91","298/18888",0.0536912751677852,11.144184674386,12.2812762319817,8.86504459938173e-13,8.20798835260402e-11,6.88344639481405e-11,"EIF2AK2/OAS1/RIGI/MAP2K6/OAS3/IFIH1/CD274/NMI/FFAR2/RSAD2/OASL/DDX60/CASP1/GBP5/IFI16/AIM2",16
"GO:0002221","GO:0002221","pattern recognition receptor signaling pathway","15/91","259/18888",0.0579150579150579,12.0208748780177,12.4259355894339,1.64524796258676e-12,1.43867794061753e-10,1.20651517256362e-10,"EIF2AK2/OAS1/RIGI/MAP2K6/OAS3/IFIH1/CD274/NMI/FFAR2/RSAD2/OASL/DDX60/CASP1/GBP5/AIM2",15
"GO:0140888","GO:0140888","interferon-mediated signaling pathway","11/91","108/18888",0.101851851851852,21.1404151404151,14.6046252470648,4.10327695819777e-12,3.3992410169491e-10,2.85069767622161e-10,"OAS1/OAS3/OAS2/IFIH1/PARP9/IFITM3/IFI27/STAT2/USP18/IFITM1/ISG15",11
"GO:0002758","GO:0002758","innate immune response-activating signaling pathway","15/91","278/18888",0.0539568345323741,11.1993042928295,11.9200389911791,4.55418124804143e-12,3.58414064220861e-10,3.00575962370735e-10,"EIF2AK2/OAS1/RIGI/MAP2K6/OAS3/IFIH1/CD274/NMI/FFAR2/RSAD2/OASL/DDX60/CASP1/GBP5/AIM2",15
"GO:0060337","GO:0060337","type I interferon-mediated signaling pathway","10/91","83/18888",0.120481927710843,25.0072818747518,15.2511743023275,7.39584563904489e-12,5.54336239802698e-10,4.64881725882821e-10,"OAS1/OAS3/OAS2/IFIH1/IFITM3/IFI27/STAT2/USP18/IFITM1/ISG15",10
"GO:0034341","GO:0034341","response to type II interferon","11/91","142/18888",0.0774647887323944,16.0786255997524,12.5490121366905,8.30267685582096e-11,5.94018789593736e-09,4.98160611349258e-09,"CCL2/CCL8/GBP3/GBP1/GCH1/CASP1/PARP9/IFITM3/GBP5/GBP4/IFITM1",11
"GO:0002757","GO:0002757","immune response-activating signaling pathway","17/91","500/18888",0.034,7.05705494505495,9.55074354269087,2.21755896845334e-10,1.51214126505703e-08,1.26812355138201e-08,"EIF2AK2/OAS1/RIGI/MAP2K6/OAS3/IFIH1/GBP1/CD274/NMI/FFAR2/RSAD2/OASL/DDX60/CASP1/GBP5/AIM2/PLSCR1",17
"GO:0035456","GO:0035456","response to interferon-beta","7/91","34/18888",0.205882352941176,42.7330316742081,16.9463260368858,2.30567918433092e-10,1.51214126505703e-08,1.26812355138201e-08,"OAS1/XAF1/IFITM3/IFI16/AIM2/IFITM1/PLSCR1",7
"GO:0002832","GO:0002832","negative regulation of response to biotic stimulus","10/91","119/18888",0.0840336134453782,17.4420537445748,12.5189208202022,2.80997692650086e-10,1.76916147292494e-08,1.48366781719245e-08,"OAS1/OAS3/TRIM38/NMI/SERPING1/IFI16/STAT2/USP18/ISG15/CARD16",10
"GO:0032608","GO:0032608","interferon-beta production","8/91","59/18888",0.135593220338983,28.1437884149749,14.5291683187932,3.84741727744479e-10,2.24290177581411e-08,1.8809595578619e-08,"OAS1/RIGI/OAS3/OAS2/TRIM38/IFIH1/NMI/ISG15",8
"GO:0032648","GO:0032648","regulation of interferon-beta production","8/91","59/18888",0.135593220338983,28.1437884149749,14.5291683187932,3.84741727744479e-10,2.24290177581411e-08,1.8809595578619e-08,"OAS1/RIGI/OAS3/OAS2/TRIM38/IFIH1/NMI/ISG15",8
"GO:0032479","GO:0032479","regulation of type I interferon production","10/91","124/18888",0.0806451612903226,16.7387451258419,12.2342161301777,4.22608733548865e-10,2.29374533312384e-08,1.92359837339484e-08,"SIGLEC1/OAS1/RIGI/OAS3/OAS2/TRIM38/IFIH1/NMI/XAF1/ISG15",10
"GO:0032606","GO:0032606","type I interferon production","10/91","124/18888",0.0806451612903226,16.7387451258419,12.2342161301777,4.22608733548865e-10,2.29374533312384e-08,1.92359837339484e-08,"SIGLEC1/OAS1/RIGI/OAS3/OAS2/TRIM38/IFIH1/NMI/XAF1/ISG15",10
"GO:0060759","GO:0060759","regulation of response to cytokine stimulus","11/91","189/18888",0.0582010582010582,12.0802372230944,10.6519393610445,1.77482946864118e-09,9.31193861213739e-08,7.80924966202119e-08,"OAS1/RIGI/OAS3/IFIH1/IL1RN/CASP1/PARP9/STAT2/USP18/ISG15/CARD16",11
"GO:0002753","GO:0002753","cytoplasmic pattern recognition receptor signaling pathway","10/91","163/18888",0.0613496932515337,12.7337692981865,10.4683527794488,6.12027076068988e-09,3.10751812171802e-07,2.60605077551956e-07,"EIF2AK2/OAS1/RIGI/MAP2K6/OAS3/IFIH1/RSAD2/OASL/DDX60/GBP5",10
"GO:0045824","GO:0045824","negative regulation of innate immune response","8/91","88/18888",0.0909090909090909,18.8691308691309,11.6902488631352,9.95548751309144e-09,4.89685542050185e-07,4.10663859915022e-07,"OAS1/OAS3/NMI/SERPING1/IFI16/STAT2/USP18/ISG15",8
"GO:0001819","GO:0001819","positive regulation of cytokine production","15/91","500/18888",0.03,6.22681318681319,8.24162117491815,1.54120985042738e-08,7.3511039532506e-07,6.16483940170952e-07,"EIF2AK2/OAS1/RIGI/OAS3/OAS2/IFIH1/CD274/FFAR2/IDO1/RSAD2/CASP1/GBP5/IFI16/AIM2/ISG15",15
"GO:0035455","GO:0035455","response to interferon-alpha","5/91","18/18888",0.277777777777778,57.6556776556777,16.7321464280292,1.89406653717307e-08,8.76841391032473e-07,7.35343479137779e-07,"EIF2AK2/LAMP3/IFITM3/MX2/IFITM1",5
"GO:0050688","GO:0050688","regulation of defense response to virus","7/91","63/18888",0.111111111111111,23.0622710622711,12.204244902128,2.11784416098191e-08,9.52424774110151e-07,7.98729797856036e-07,"RIGI/TRIM38/TRIM22/PARP9/HERC5/AIM2/DTX3L",7
"GO:0070269","GO:0070269","pyroptosis","6/91","37/18888",0.162162162162162,33.6584496584497,13.8352542722135,2.18154811936048e-08,9.53821316631497e-07,7.99900977098841e-07,"GBP3/GBP1/CASP1/GBP5/AIM2/IFI27",6
"GO:0032728","GO:0032728","positive regulation of interferon-beta production","6/91","40/18888",0.15,31.1340659340659,13.2743421923523,3.56040113132006e-08,1.51461388667507e-06,1.27019716036283e-06,"OAS1/RIGI/OAS3/OAS2/IFIH1/ISG15",6
"GO:0042742","GO:0042742","defense response to bacterium","12/91","330/18888",0.0363636363636364,7.54765234765235,8.34900867923606,6.07999747873828e-08,2.51839895566686e-06,2.1119991241933e-06,"OAS1/OAS3/OAS2/GBP3/GBP1/CASP1/PLAC8/GBP5/GBP4/DEFB1/RNF213/ISG15",12
"GO:0060339","GO:0060339","negative regulation of type I interferon-mediated signaling pathway","5/91","24/18888",0.208333333333333,43.2417582417582,14.407500033542,9.18431943987778e-08,3.70669712778657e-06,3.10853888734325e-06,"OAS1/OAS3/STAT2/USP18/ISG15",5
"GO:0032496","GO:0032496","response to lipopolysaccharide","12/91","348/18888",0.0344827586206897,7.15725653656688,8.0664031009502,1.08340164861793e-07,4.26318548731155e-06,3.57522544043917e-06,"CHMP5/CCL2/GBP3/CD274/IDO1/GCH1/CMPK2/CASP1/GBP5/CXCL10/CXCL11/CARD16",12
"GO:0071346","GO:0071346","cellular response to type II interferon","8/91","120/18888",0.0666666666666667,13.8373626373626,9.81556607292546,1.14822160761087e-07,4.40805075702318e-06,3.69671346840572e-06,"CCL2/CCL8/GBP3/GBP1/CASP1/PARP9/GBP5/GBP4",8
"GO:0071222","GO:0071222","cellular response to lipopolysaccharide","10/91","225/18888",0.0444444444444444,9.22490842490843,8.63554035246091,1.30438873786028e-07,4.88835207950494e-06,4.09950746184658e-06,"CHMP5/CCL2/GBP3/CD274/CMPK2/CASP1/GBP5/CXCL10/CXCL11/CARD16",10
"GO:0001959","GO:0001959","regulation of cytokine-mediated signaling pathway","9/91","177/18888",0.0508474576271186,10.5539206556156,8.88541424151025,1.84240428990046e-07,6.74405663326354e-06,5.65575270388048e-06,"OAS1/OAS3/IL1RN/CASP1/PARP9/STAT2/USP18/ISG15/CARD16",9
"GO:0002237","GO:0002237","response to molecule of bacterial origin","12/91","369/18888",0.032520325203252,6.74993299383543,7.76113283383886,2.03870179155912e-07,7.29299231798648e-06,6.11610537467735e-06,"CHMP5/CCL2/GBP3/CD274/IDO1/GCH1/CMPK2/CASP1/GBP5/CXCL10/CXCL11/CARD16",12
"GO:0071219","GO:0071219","cellular response to molecule of bacterial origin","10/91","238/18888",0.0420168067226891,8.72102687228738,8.34030705912541,2.19836239301988e-07,7.68938312580731e-06,6.44852968619164e-06,"CHMP5/CCL2/GBP3/CD274/CMPK2/CASP1/GBP5/CXCL10/CXCL11/CARD16",10
"GO:0032102","GO:0032102","negative regulation of response to external stimulus","13/91","456/18888",0.0285087719298246,5.91729323308271,7.39571579210594,2.76274651386259e-07,9.45339785395591e-06,7.92788130064917e-06,"OAS1/CCL2/OAS3/TRIM38/NMI/TNFAIP6/SERPING1/IFI16/STAT2/USP18/ISG15/GRIN3A/CARD16",13
"GO:0044403","GO:0044403","biological process involved in symbiotic interaction","11/91","311/18888",0.0353697749196141,7.34136602946892,7.84572607900364,2.96726436582192e-07,9.87004464575999e-06,8.27729284142515e-06,"CHMP5/SIGLEC1/CCL8/TRIM38/TRIM22/IFITM3/DYNLT1/IFI27/IFIT1/IFITM1/PLSCR1",11
"GO:0002230","GO:0002230","positive regulation of defense response to virus by host","5/91","30/18888",0.166666666666667,34.5934065934066,12.8122313963339,3.00992466960915e-07,9.87004464575999e-06,8.27729284142515e-06,"RIGI/TRIM22/PARP9/AIM2/DTX3L",5
"GO:0001960","GO:0001960","negative regulation of cytokine-mediated signaling pathway","7/91","96/18888",0.0729166666666667,15.1346153846154,9.6603091661914,4.01210278480308e-07,1.28878567005715e-05,1.08081136243675e-05,"OAS1/OAS3/IL1RN/STAT2/USP18/ISG15/CARD16",7
"GO:0051701","GO:0051701","biological process involved in interaction with host","9/91","202/18888",0.0445544554455446,9.24774235665325,8.19993696856071,5.62976089605603e-07,1.75235583318198e-05,1.46957414218565e-05,"CHMP5/SIGLEC1/TRIM38/TRIM22/IFITM3/DYNLT1/IFIT1/IFITM1/PLSCR1",9
"GO:0060761","GO:0060761","negative regulation of response to cytokine stimulus","7/91","101/18888",0.0693069306930693,14.3853769992384,9.38470212410119,5.67790009480818e-07,1.75235583318198e-05,1.46957414218565e-05,"OAS1/OAS3/IL1RN/STAT2/USP18/ISG15/CARD16",7
"GO:0071216","GO:0071216","cellular response to biotic stimulus","10/91","265/18888",0.0377358490566038,7.83246941737508,7.79352131241919,5.90744152137321e-07,1.78813710666181e-05,1.49958130927166e-05,"CHMP5/CCL2/GBP3/CD274/CMPK2/CASP1/GBP5/CXCL10/CXCL11/CARD16",10
"GO:0031348","GO:0031348","negative regulation of defense response","10/91","291/18888",0.0343642611683849,7.13266115327971,7.33553737056643,1.3814421517383e-06,4.05222243582919e-05,3.39830598176272e-05,"OAS1/OAS3/TRIM38/NMI/TNFAIP6/SERPING1/IFI16/STAT2/USP18/ISG15",10
"GO:0032481","GO:0032481","positive regulation of type I interferon production","6/91","73/18888",0.0821917808219178,17.0597621556526,9.56547064917799,1.39021608344839e-06,4.05222243582919e-05,3.39830598176272e-05,"OAS1/RIGI/OAS3/OAS2/IFIH1/ISG15",6
"GO:0050691","GO:0050691","regulation of defense response to virus by host","5/91","42/18888",0.119047619047619,24.7095761381476,10.7027839198314,1.71674190033044e-06,4.91300318385475e-05,4.12018056079306e-05,"RIGI/TRIM22/PARP9/AIM2/DTX3L",5
"GO:0060338","GO:0060338","regulation of type I interferon-mediated signaling pathway","5/91","45/18888",0.111111111111111,23.0622710622711,10.3095418178199,2.43774660648477e-06,6.85180921179826e-05,5.74611700099981e-05,"OAS1/OAS3/STAT2/USP18/ISG15",5
"GO:0032069","GO:0032069","regulation of nuclease activity","4/91","22/18888",0.181818181818182,37.7382617382617,11.9963173180698,3.45085805950244e-06,9.52921155378392e-05,7.99146076937406e-05,"OAS1/OAS3/OAS2/OASL",4
"GO:0050777","GO:0050777","negative regulation of immune response","8/91","194/18888",0.0412371134020619,8.55919338393565,7.3634800966842,4.39795724789131e-06,0.000119351460485878,0.000100091440814078,"OAS1/OAS3/NMI/SERPING1/IFI16/STAT2/USP18/ISG15",8
"GO:0034612","GO:0034612","response to tumor necrosis factor","9/91","263/18888",0.0342205323193916,7.10282873020516,6.93455873964813,4.97118813880763e-06,0.000132621188652258,0.000111219802427561,"TNFSF13B/CCL2/CCL8/GBP3/GBP1/GCH1/CASP1/AIM2/CARD16",9
"GO:0039529","GO:0039529","RIG-I signaling pathway","4/91","27/18888",0.148148148148148,30.7496947496948,10.7631639100818,8.12811255048444e-06,0.000213227485907708,0.000178818476110658,"RIGI/OAS3/OASL/DDX60",4
"GO:0046718","GO:0046718","symbiont entry into host cell","7/91","156/18888",0.0448717948717949,9.31360946745562,7.25467163365067,1.03719447037928e-05,0.000267630179733933,0.000224442082114861,"SIGLEC1/TRIM38/TRIM22/IFITM3/DYNLT1/IFITM1/PLSCR1",7
"GO:0030522","GO:0030522","intracellular receptor signaling pathway","10/91","369/18888",0.02710027100271,5.62494416152953,6.24264770132128,1.13042831522616e-05,0.000286982930349352,0.000240671834854603,"EIF2AK2/OAS1/RIGI/MAP2K6/OAS3/IFIH1/RSAD2/OASL/DDX60/GBP5",10
"GO:0044409","GO:0044409","symbiont entry into host","7/91","163/18888",0.0429447852760736,8.91363850873053,7.06020014312247,1.38057326296621e-05,0.000344924177128383,0.000289262969383396,"SIGLEC1/TRIM38/TRIM22/IFITM3/DYNLT1/IFITM1/PLSCR1",7
"GO:0039530","GO:0039530","MDA-5 signaling pathway","3/91","11/18888",0.272727272727273,56.6073926073926,12.8357219887021,1.73585531533551e-05,0.000426911916615328,0.00035802015878795,"OAS3/IFIH1/DDX60",3
"GO:0071356","GO:0071356","cellular response to tumor necrosis factor","8/91","241/18888",0.033195020746888,6.88997309744198,6.40287852696184,2.13631669577404e-05,0.000517317304484361,0.000433836621295652,"TNFSF13B/CCL2/CCL8/GBP3/GBP1/CASP1/AIM2/CARD16",8
"GO:2000116","GO:2000116","regulation of cysteine-type endopeptidase activity","7/91","190/18888",0.0368421052631579,7.64696356275304,6.40708427427251,3.7033178595431e-05,0.000883185198624369,0.00074066357190862,"LAMP3/TNFSF10/IFI6/CASP1/IFI16/AIM2/CARD16",7
"GO:0000209","GO:0000209","protein polyubiquitination","8/91","267/18888",0.0299625468164794,6.21903938757871,5.97589035765168,4.43090106691487e-05,0.00104093108646627,0.000872953643033974,"TRIM38/NMI/TRIM22/HERC5/UBE2L6/DTX3L/IFI27/RNF213",8
"GO:0052548","GO:0052548","regulation of endopeptidase activity","8/91","280/18888",0.0285714285714286,5.93029827315542,5.78309433425705,6.19092703962757e-05,0.00143301752358438,0.00120176819004535,"LAMP3/TNFSF10/IFI6/CASP1/SERPING1/IFI16/AIM2/CARD16",8
"GO:0071360","GO:0071360","cellular response to exogenous dsRNA","3/91","17/18888",0.176470588235294,36.628312863607,10.2253969499827,7.00542184605183e-05,0.00159804840372255,0.00134016765750557,"RIGI/IFIH1/IFIT1",3
"GO:0070098","GO:0070098","chemokine-mediated signaling pathway","5/91","93/18888",0.0537634408602151,11.1591634172279,6.83338942385549,8.6464214461322e-05,0.00194420962231601,0.00163046804412779,"CCL2/CCL8/CCR1/CXCL10/CXCL11",5
"GO:0046596","GO:0046596","regulation of viral entry into host cell","4/91","49/18888",0.0816326530612245,16.9437093518726,7.77528651122342,9.04999044127376e-05,0.00200629365557252,0.00168253343415231,"TRIM38/TRIM22/IFITM3/IFITM1",4
"GO:0001818","GO:0001818","negative regulation of cytokine production","9/91","381/18888",0.0236220472440945,4.90300250930172,5.35489822992695,9.18333664775373e-05,0.00200757942827283,0.00168361171875485,"SIGLEC1/OAS1/OAS3/GBP1/CD274/NMI/IDO1/XAF1/CARD16",9
"GO:0052547","GO:0052547","regulation of peptidase activity","8/91","304/18888",0.0263157894736842,5.46211683053788,5.45715194510938,0.000109709549763752,0.00236551823737185,0.00198378911901578,"LAMP3/TNFSF10/IFI6/CASP1/SERPING1/IFI16/AIM2/CARD16",8
"GO:1990868","GO:1990868","response to chemokine","5/91","101/18888",0.0495049504950495,10.2752692851703,6.50303979985777,0.000127854956542669,0.00268324935464215,0.00225024723515097,"CCL2/CCL8/CCR1/CXCL10/CXCL11",5
"GO:1990869","GO:1990869","cellular response to chemokine","5/91","101/18888",0.0495049504950495,10.2752692851703,6.50303979985777,0.000127854956542669,0.00268324935464215,0.00225024723515097,"CCL2/CCL8/CCR1/CXCL10/CXCL11",5
"GO:0030595","GO:0030595","leukocyte chemotaxis","7/91","237/18888",0.029535864978903,6.13047711781889,5.53017382801484,0.000148252171121989,0.00307038049139488,0.0025749061300135,"CCL2/CCL8/TNFAIP6/FFAR2/CCR1/CXCL10/CXCL11",7
"GO:0052372","GO:0052372","modulation by symbiont of entry into host","4/91","56/18888",0.0714285714285714,14.8257456828885,7.20928625868328,0.000152901413202077,0.00312554317376713,0.00262116708346418,"TRIM38/TRIM22/IFITM3/IFITM1",4
"GO:0030593","GO:0030593","neutrophil chemotaxis","5/91","107/18888",0.0467289719626168,9.6990859607682,6.27861814052011,0.000167753437938634,0.00338517835019756,0.00283890433434612,"CCL2/CCL8/TNFAIP6/CXCL10/CXCL11",5
"GO:0039531","GO:0039531","regulation of cytoplasmic pattern recognition receptor signaling pathway","5/91","108/18888",0.0462962962962963,9.60927960927961,6.24293498739339,0.000175233921279139,0.00349136952016917,0.0029279591909932,"EIF2AK2/RSAD2/OASL/DDX60/GBP5",5
"GO:0071359","GO:0071359","cellular response to dsRNA","3/91","23/18888",0.130434782608696,27.0731008122312,8.7053475148601,0.000178669492393944,0.00351532226285085,0.00294804662450008,"RIGI/IFIH1/IFIT1",3
"GO:0032760","GO:0032760","positive regulation of tumor necrosis factor production","5/91","109/18888",0.0458715596330275,9.52112108075411,6.2077135717276,0.000182966542316904,0.00355542392107168,0.0029816769859051,"OAS1/RIGI/OAS3/OAS2/IFIH1",5
"GO:0032611","GO:0032611","interleukin-1 beta production","5/91","110/18888",0.0454545454545455,9.43456543456544,6.17294350945354,0.000190956978174294,0.0035781700434088,0.00300075251416748,"CASP1/GBP5/IFI16/AIM2/CARD16",5
"GO:0032651","GO:0032651","regulation of interleukin-1 beta production","5/91","110/18888",0.0454545454545455,9.43456543456544,6.17294350945354,0.000190956978174294,0.0035781700434088,0.00300075251416748,"CASP1/GBP5/IFI16/AIM2/CARD16",5
"GO:0071347","GO:0071347","cellular response to interleukin-1","5/91","110/18888",0.0454545454545455,9.43456543456544,6.17294350945354,0.000190956978174294,0.0035781700434088,0.00300075251416748,"CCL2/CCL8/GBP3/GBP1/IL1RN",5
"GO:1903557","GO:1903557","positive regulation of tumor necrosis factor superfamily cytokine production","5/91","113/18888",0.0442477876106195,9.18409024603715,6.07124241931692,0.000216532815843996,0.00400967826045236,0.00336262725781265,"OAS1/RIGI/OAS3/OAS2/IFIH1",5
"GO:0032731","GO:0032731","positive regulation of interleukin-1 beta production","4/91","62/18888",0.0645161290322581,13.3909961006735,6.79956224048878,0.000227171696506069,0.004157770352332,0.00348682138823268,"CASP1/GBP5/IFI16/AIM2",4
"GO:2000117","GO:2000117","negative regulation of cysteine-type endopeptidase activity","4/91","63/18888",0.0634920634920635,13.178440607012,6.73678023783177,0.000241685061012559,0.00437255501188239,0.003666945753294,"LAMP3/IFI6/IFI16/CARD16",4
"GO:0048247","GO:0048247","lymphocyte chemotaxis","4/91","64/18888",0.0625,12.9725274725275,6.67540758364322,0.000256853666342109,0.00454255809912898,0.00380951505136611,"CCL2/CCL8/CXCL10/CXCL11",4
"GO:0062208","GO:0062208","positive regulation of pattern recognition receptor signaling pathway","4/91","64/18888",0.0625,12.9725274725275,6.67540758364322,0.000256853666342109,0.00454255809912898,0.00380951505136611,"RSAD2/OASL/DDX60/GBP5",4
"GO:0043903","GO:0043903","regulation of biological process involved in symbiotic interaction","4/91","65/18888",0.0615384615384615,12.7729501267963,6.61539037502626,0.00027269471519135,0.00476912757456871,0.00399952248947313,"TRIM38/TRIM22/IFITM3/IFITM1",4
"GO:0035458","GO:0035458","cellular response to interferon-beta","3/91","27/18888",0.111111111111111,23.0622710622711,7.98192524897469,0.000291005579177228,0.00503343716071382,0.00422117982982353,"OAS1/IFI16/AIM2",3
"GO:0060760","GO:0060760","positive regulation of response to cytokine stimulus","4/91","67/18888",0.0597014925373134,12.3916680334591,6.49922077906746,0.000306463429769375,0.00524318954844561,0.0043970839923432,"RIGI/IFIH1/CASP1/PARP9",4
"GO:0043086","GO:0043086","negative regulation of catalytic activity","9/91","449/18888",0.0200445434298441,4.16045424508676,4.7158709406665,0.000312925667008753,0.00529618279432019,0.00444152559625327,"LAMP3/IFI6/PARP9/WARS1/SERPING1/IFI16/DTX3L/IFIT1/CARD16",9
"GO:0010951","GO:0010951","negative regulation of endopeptidase activity","5/91","124/18888",0.0403225806451613,8.36937256292095,5.72844251290037,0.000333208307844811,0.00557946677178439,0.00467909538675692,"LAMP3/IFI6/SERPING1/IFI16/CARD16",5
"GO:0071706","GO:0071706","tumor necrosis factor superfamily cytokine production","6/91","194/18888",0.0309278350515464,6.41939503795174,5.27908276335829,0.000351145944832367,0.00575733038714734,0.00482825674144504,"OAS1/RIGI/OAS3/OAS2/IFIH1/CD274",6
"GO:1903555","GO:1903555","regulation of tumor necrosis factor superfamily cytokine production","6/91","194/18888",0.0309278350515464,6.41939503795174,5.27908276335829,0.000351145944832367,0.00575733038714734,0.00482825674144504,"OAS1/RIGI/OAS3/OAS2/IFIH1/CD274",6
"GO:0002548","GO:0002548","monocyte chemotaxis","4/91","70/18888",0.0571428571428571,11.8605965463108,6.33393911167487,0.000362595185993506,0.0058837610593173,0.00493428500527245,"CCL2/CCL8/CCR1/CXCL10",4
"GO:0071621","GO:0071621","granulocyte chemotaxis","5/91","128/18888",0.0390625,8.10782967032967,5.61414332135248,0.000385681361455147,0.00610843320252743,0.00512270128801538,"CCL2/CCL8/TNFAIP6/CXCL10/CXCL11",5
"GO:0032612","GO:0032612","interleukin-1 production","5/91","129/18888",0.0387596899224806,8.04497827753642,5.58634286689491,0.000399723360171212,0.00610843320252743,0.00512270128801538,"CASP1/GBP5/IFI16/AIM2/CARD16",5
"GO:0032652","GO:0032652","regulation of interleukin-1 production","5/91","129/18888",0.0387596899224806,8.04497827753642,5.58634286689491,0.000399723360171212,0.00610843320252743,0.00512270128801538,"CASP1/GBP5/IFI16/AIM2/CARD16",5
"GO:1990266","GO:1990266","neutrophil migration","5/91","129/18888",0.0387596899224806,8.04497827753642,5.58634286689491,0.000399723360171212,0.00610843320252743,0.00512270128801538,"CCL2/CCL8/TNFAIP6/CXCL10/CXCL11",5
"GO:0032607","GO:0032607","interferon-alpha production","3/91","30/18888",0.1,20.756043956044,7.53478233703928,0.000399725933837564,0.00610843320252743,0.00512270128801538,"RIGI/IFIH1/NMI",3
"GO:0032647","GO:0032647","regulation of interferon-alpha production","3/91","30/18888",0.1,20.756043956044,7.53478233703928,0.000399725933837564,0.00610843320252743,0.00512270128801538,"RIGI/IFIH1/NMI",3
"GO:0032722","GO:0032722","positive regulation of chemokine production","4/91","72/18888",0.0555555555555556,11.5311355311355,6.22924932215585,0.00040387458822744,0.00611248655644222,0.00512610054288674,"EIF2AK2/OAS1/OAS3/FFAR2",4
"GO:0032732","GO:0032732","positive regulation of interleukin-1 production","4/91","73/18888",0.0547945205479452,11.373174770435,6.17844136442992,0.000425725113859725,0.00638182218300198,0.00535197285995083,"CASP1/GBP5/IFI16/AIM2",4
"GO:0010466","GO:0010466","negative regulation of peptidase activity","5/91","132/18888",0.0378787878787879,7.86213786213786,5.50470700533124,0.000444174021258911,0.0065955651835993,0.00553122366096002,"LAMP3/IFI6/SERPING1/IFI16/CARD16",5
"GO:0043123","GO:0043123","positive regulation of canonical NF-kappaB signal transduction","6/91","208/18888",0.0288461538461538,5.98732037193576,5.0323219062017,0.000508213134012682,0.00747595769099029,0.00626954520464243,"TRIM38/TNFSF10/TRIM22/CASP1/IFIT5/CARD16",6
"GO:0070555","GO:0070555","response to interleukin-1","5/91","138/18888",0.036231884057971,7.52030578117535,5.34890378530192,0.00054415689455211,0.00793058288912056,0.00665080648897023,"CCL2/CCL8/GBP3/GBP1/IL1RN",5
"GO:0051092","GO:0051092","positive regulation of NF-kappaB transcription factor activity","5/91","141/18888",0.0354609929078014,7.36029927519289,5.27447372852827,0.000600069299159596,0.00866522088878169,0.00726689426505199,"EIF2AK2/TRIM38/TRIM22/AIM2/CARD16",5
"GO:0070936","GO:0070936","protein K48-linked ubiquitination","4/91","82/18888",0.048780487804878,10.1248994907531,5.76162137727591,0.000661946646597388,0.0094718547431299,0.00794335975916866,"TRIM38/NMI/DTX3L/IFI27",4
"GO:0098586","GO:0098586","cellular response to virus","4/91","87/18888",0.0459770114942529,9.54300871542251,5.55696826535854,0.000827140979921007,0.0117290081296907,0.00983627111257414,"OAS1/IFIH1/IFI6/CXCL10",4
"GO:0051091","GO:0051091","positive regulation of DNA-binding transcription factor activity","6/91","230/18888",0.0260869565217391,5.41462016244625,4.68686702228706,0.000859959423415689,0.0120855011826455,0.0101352360616849,"EIF2AK2/RIGI/TRIM38/TRIM22/AIM2/CARD16",6
"GO:0050729","GO:0050729","positive regulation of inflammatory response","5/91","153/18888",0.0326797385620915,6.78302090066796,4.99725537993213,0.000867785181876133,0.012087556427195,0.0101369596466947,"NMI/FFAR2/IDO1/CASP1/AIM2",5
"GO:0097530","GO:0097530","granulocyte migration","5/91","154/18888",0.0324675324675325,6.73897531040388,4.9755073766388,0.000893537494455859,0.0123370878620484,0.0103462236200152,"CCL2/CCL8/TNFAIP6/CXCL10/CXCL11",5
"GO:0060326","GO:0060326","cell chemotaxis","7/91","322/18888",0.0217391304347826,4.51218346870521,4.42286692778565,0.000933234185107316,0.0127731357161645,0.0107119054290579,"CCL2/CCL8/TNFAIP6/FFAR2/CCR1/CXCL10/CXCL11",7
"GO:1900246","GO:1900246","positive regulation of RIG-I signaling pathway","2/91","10/18888",0.2,41.5120879120879,8.91588690905186,0.00100746193739067,0.0136702162883872,0.0114642220461697,"OASL/DDX60",2
"GO:0050727","GO:0050727","regulation of inflammatory response","8/91","425/18888",0.0188235294117647,3.90702003878474,4.21744348151016,0.00102528671222489,0.0136887370603863,0.0114797540785958,"NMI/TNFAIP6/FFAR2/IDO1/CASP1/AIM2/USP18/CARD16",8
"GO:0051098","GO:0051098","regulation of binding","6/91","238/18888",0.0252100840336134,5.23261612337243,4.57210144663995,0.00102622044035933,0.0136887370603863,0.0114797540785958,"IFIT2/PARP9/IFI16/DTX3L/IFIT1/CARD16",6
"GO:0097529","GO:0097529","myeloid leukocyte migration","6/91","239/18888",0.0251046025104603,5.21072233206124,4.55811937814934,0.00104862603069614,0.013870061952233,0.0116318181556211,"CCL2/CCL8/TNFAIP6/CCR1/CXCL10/CXCL11",6
"GO:0043281","GO:0043281","regulation of cysteine-type endopeptidase activity involved in apoptotic process","5/91","160/18888",0.03125,6.48626373626374,4.84896319615912,0.00106019721287045,0.0139062534421507,0.011662169341575,"LAMP3/TNFSF10/IFI6/CASP1/CARD16",5
"GO:0035561","GO:0035561","regulation of chromatin binding","2/91","11/18888",0.181818181818182,37.7382617382617,8.48020545307508,0.00122748491166563,0.0159674483550553,0.0133907444908977,"PARP9/DTX3L",2
"GO:0062207","GO:0062207","regulation of pattern recognition receptor signaling pathway","5/91","166/18888",0.0301204819277108,6.25182046868794,4.72874299191976,0.001248909297547,0.0161129773306474,0.0135127891210003,"EIF2AK2/RSAD2/OASL/DDX60/GBP5",5
"GO:0032480","GO:0032480","negative regulation of type I interferon production","3/91","45/18888",0.0666666666666667,13.8373626373626,5.9988079453315,0.00132606163298036,0.0169692765065943,0.0142309053295454,"SIGLEC1/NMI/XAF1",3
"GO:0002645","GO:0002645","positive regulation of tolerance induction","2/91","12/18888",0.166666666666667,34.5934065934066,8.09930214592595,0.00146836909902303,0.0186388142085665,0.0156310258928258,"CD274/IDO1",2
"GO:0006959","GO:0006959","humoral immune response","6/91","258/18888",0.0232558139534884,4.82698696652185,4.30643924211818,0.0015503438784963,0.0195219301180255,0.016371631356921,"CCL2/SERPING1/DEFB1/CXCL10/CXCL11/C1QB",6
"GO:0032642","GO:0032642","regulation of chemokine production","4/91","104/18888",0.0384615384615385,7.98309382924768,4.96853579543709,0.00160577710176752,0.0200594695093816,0.0168224267804217,"EIF2AK2/OAS1/OAS3/FFAR2",4
"GO:0032602","GO:0032602","chemokine production","4/91","105/18888",0.0380952380952381,7.90706436420722,4.93814216708011,0.00166329197829112,0.0206143431010254,0.0172877591444431,"EIF2AK2/OAS1/OAS3/FFAR2",4
"GO:0070234","GO:0070234","positive regulation of T cell apoptotic process","2/91","13/18888",0.153846153846154,31.9323753169907,7.76246013189585,0.00172991283293527,0.0212725218675009,0.017839726089645,"CD274/IDO1",2
"GO:0043154","GO:0043154","negative regulation of cysteine-type endopeptidase activity involved in apoptotic process","3/91","50/18888",0.06,12.4536263736264,5.64246057780723,0.00180011796722532,0.0217952744647127,0.0182781208979801,"LAMP3/IFI6/CARD16",3
"GO:0043330","GO:0043330","response to exogenous dsRNA","3/91","50/18888",0.06,12.4536263736264,5.64246057780723,0.00180011796722532,0.0217952744647127,0.0182781208979801,"RIGI/IFIH1/IFIT1",3
"GO:0006935","GO:0006935","chemotaxis","8/91","466/18888",0.0171673819742489,3.56326934867707,3.89831320727367,0.00183650195136906,0.0220660616141595,0.0185052105023447,"CCL2/CCL8/TNFAIP6/FFAR2/CCR1/DEFB1/CXCL10/CXCL11",8
"GO:0042330","GO:0042330","taxis","8/91","468/18888",0.0170940170940171,3.54804170188786,3.88367214992829,0.00188625801388272,0.0224921978322076,0.0188625801388272,"CCL2/CCL8/TNFAIP6/FFAR2/CCR1/DEFB1/CXCL10/CXCL11",8
"GO:0051100","GO:0051100","negative regulation of binding","4/91","110/18888",0.0363636363636364,7.54765234765235,4.79198227521739,0.00197248972325107,0.0233436001834375,0.0195765897345219,"IFIT2/IFI16/IFIT1/CARD16",4
"GO:0032621","GO:0032621","interleukin-18 production","2/91","14/18888",0.142857142857143,29.6514913657771,7.46168980718196,0.00201191586873474,0.0234574487213962,0.019672066272073,"CASP1/GBP5",2
"GO:0032661","GO:0032661","regulation of interleukin-18 production","2/91","14/18888",0.142857142857143,29.6514913657771,7.46168980718196,0.00201191586873474,0.0234574487213962,0.019672066272073,"CASP1/GBP5",2
"GO:0032640","GO:0032640","tumor necrosis factor production","5/91","189/18888",0.0264550264550265,5.49101691958835,4.31742018999125,0.00220817261486496,0.0253698079985216,0.0212758237344654,"OAS1/RIGI/OAS3/OAS2/IFIH1",5
"GO:0032680","GO:0032680","regulation of tumor necrosis factor production","5/91","189/18888",0.0264550264550265,5.49101691958835,4.31742018999125,0.00220817261486496,0.0253698079985216,0.0212758237344654,"OAS1/RIGI/OAS3/OAS2/IFIH1",5
"GO:0071639","GO:0071639","positive regulation of monocyte chemotactic protein-1 production","2/91","15/18888",0.133333333333333,27.6747252747253,7.19089637674774,0.00231417937483961,0.0263950604057793,0.0221356288028137,"OAS1/OAS3",2
"GO:0033209","GO:0033209","tumor necrosis factor-mediated signaling pathway","4/91","117/18888",0.0341880341880342,7.09608340377571,4.60212109292849,0.00246919016308722,0.0277607522621378,0.0232809358233938,"TNFSF13B/CASP1/AIM2/CARD16",4
"GO:0051928","GO:0051928","positive regulation of calcium ion transport","4/91","117/18888",0.0341880341880342,7.09608340377571,4.60212109292849,0.00246919016308722,0.0277607522621378,0.0232809358233938,"CCL2/CCR1/CXCL10/CXCL11",4
"GO:0043122","GO:0043122","regulation of canonical NF-kappaB signal transduction","6/91","286/18888",0.020979020979021,4.35441481595328,3.9772041121048,0.00259993494675712,0.0290200022686907,0.0243369777602743,"TRIM38/TNFSF10/TRIM22/CASP1/IFIT5/CARD16",6
"GO:0051770","GO:0051770","positive regulation of nitric-oxide synthase biosynthetic process","2/91","16/18888",0.125,25.9450549450549,6.94533835215767,0.00263650592402972,0.0290200022686907,0.0243369777602743,"CCL2/MAP2K6",2
"GO:0070230","GO:0070230","positive regulation of lymphocyte apoptotic process","2/91","16/18888",0.125,25.9450549450549,6.94533835215767,0.00263650592402972,0.0290200022686907,0.0243369777602743,"CD274/IDO1",2
"GO:0043331","GO:0043331","response to dsRNA","3/91","58/18888",0.0517241379310345,10.7358848048503,5.16680628339404,0.00275640019072373,0.0301289854180496,0.0252670017483008,"RIGI/IFIH1/IFIT1",3
"GO:0002688","GO:0002688","regulation of leukocyte chemotaxis","4/91","123/18888",0.032520325203252,6.74993299383543,4.45142407881681,0.00295835567976509,0.0321134609651741,0.0269312379123442,"CCL2/TNFAIP6/CCR1/CXCL10",4
"GO:0050900","GO:0050900","leukocyte migration","7/91","396/18888",0.0176767676767677,3.66899766899767,3.73475193270101,0.0030199240932537,0.0325572638546666,0.0273034233088691,"CCL2/CCL8/TNFAIP6/FFAR2/CCR1/CXCL10/CXCL11",7
"GO:0051346","GO:0051346","negative regulation of hydrolase activity","5/91","204/18888",0.0245098039215686,5.08726567550097,4.0838608710768,0.0030702255653113,0.0328743880258503,0.0275693724232035,"LAMP3/IFI6/SERPING1/IFI16/CARD16",5
"GO:0072676","GO:0072676","lymphocyte migration","4/91","125/18888",0.032,6.64193406593407,4.40341674231764,0.00313511926881633,0.0333424170886278,0.0279618745597133,"CCL2/CCL8/CXCL10/CXCL11",4
"GO:0071674","GO:0071674","mononuclear cell migration","5/91","206/18888",0.0242718446601942,5.03787474661261,4.0544568717589,0.00320119153435173,0.0338166139266417,0.0283595491633844,"CCL2/CCL8/CCR1/CXCL10/CXCL11",5
"GO:2001056","GO:2001056","positive regulation of cysteine-type endopeptidase activity","4/91","127/18888",0.031496062992126,6.53733667906896,4.35644980526594,0.00331896612198495,0.0348215229101188,0.0292022936730348,"TNFSF10/CASP1/IFI16/AIM2",4
"GO:0002830","GO:0002830","positive regulation of type 2 immune response","2/91","18/18888",0.111111111111111,23.0622710622711,6.5156603049085,0.00334056541259716,0.0348215229101188,0.0292022936730348,"IDO1/RSAD2",2
"GO:0043393","GO:0043393","regulation of protein binding","4/91","130/18888",0.0307692307692308,6.38647506339814,4.28786377712665,0.00360831390589637,0.0373650400518479,0.0313353576038369,"IFIT2/DTX3L/IFIT1/CARD16",4
"GO:0032613","GO:0032613","interleukin-10 production","3/91","65/18888",0.0461538461538462,9.57971259509721,4.82106417769588,0.00380859334615899,0.0389267917328198,0.0326450858242199,"CD274/IDO1/ISG15",3
"GO:0032653","GO:0032653","regulation of interleukin-10 production","3/91","65/18888",0.0461538461538462,9.57971259509721,4.82106417769588,0.00380859334615899,0.0389267917328198,0.0326450858242199,"CD274/IDO1/ISG15",3
"GO:0007249","GO:0007249","canonical NF-kappaB signal transduction","6/91","311/18888",0.0192926045016077,4.00438147061941,3.7171098381287,0.00392440661244359,0.0398517161805562,0.0334207530866164,"TRIM38/TNFSF10/TRIM22/CASP1/IFIT5/CARD16",6
"GO:0002643","GO:0002643","regulation of tolerance induction","2/91","20/18888",0.1,20.756043956044,6.15049349381213,0.00412254267552305,0.0400548282177363,0.0335910884672248,"CD274/IDO1",2
"GO:0039535","GO:0039535","regulation of RIG-I signaling pathway","2/91","20/18888",0.1,20.756043956044,6.15049349381213,0.00412254267552305,0.0400548282177363,0.0335910884672248,"OASL/DDX60",2
"GO:0051767","GO:0051767","nitric-oxide synthase biosynthetic process","2/91","20/18888",0.1,20.756043956044,6.15049349381213,0.00412254267552305,0.0400548282177363,0.0335910884672248,"CCL2/MAP2K6",2
"GO:0051769","GO:0051769","regulation of nitric-oxide synthase biosynthetic process","2/91","20/18888",0.1,20.756043956044,6.15049349381213,0.00412254267552305,0.0400548282177363,0.0335910884672248,"CCL2/MAP2K6",2
"GO:0072567","GO:0072567","chemokine (C-X-C motif) ligand 2 production","2/91","20/18888",0.1,20.756043956044,6.15049349381213,0.00412254267552305,0.0400548282177363,0.0335910884672248,"OAS1/OAS3",2
"GO:0090026","GO:0090026","positive regulation of monocyte chemotaxis","2/91","20/18888",0.1,20.756043956044,6.15049349381213,0.00412254267552305,0.0400548282177363,0.0335910884672248,"CCR1/CXCL10",2
"GO:2000341","GO:2000341","regulation of chemokine (C-X-C motif) ligand 2 production","2/91","20/18888",0.1,20.756043956044,6.15049349381213,0.00412254267552305,0.0400548282177363,0.0335910884672248,"OAS1/OAS3",2
"GO:0071605","GO:0071605","monocyte chemotactic protein-1 production","2/91","21/18888",0.0952380952380952,19.767660910518,5.987234748472,0.00454227158006295,0.0435947284574334,0.0365597468639213,"OAS1/OAS3",2
"GO:0071637","GO:0071637","regulation of monocyte chemotactic protein-1 production","2/91","21/18888",0.0952380952380952,19.767660910518,5.987234748472,0.00454227158006295,0.0435947284574334,0.0365597468639213,"OAS1/OAS3",2
"GO:0032091","GO:0032091","negative regulation of protein binding","3/91","71/18888",0.0422535211267606,8.77015941804674,4.5639599708777,0.00488124593142487,0.0465641278549257,0.039049967451399,"IFIT2/IFIT1/CARD16",3
"GO:0002685","GO:0002685","regulation of leukocyte migration","5/91","230/18888",0.0217391304347826,4.51218346870521,3.72877762298234,0.0051032477318298,0.0483886260837356,0.0405800422049116,"CCL2/CCL8/TNFAIP6/CCR1/CXCL10",5
"GO:0045861","GO:0045861","negative regulation of proteolysis","5/91","231/18888",0.0216450216450216,4.49265020693592,3.71619155869436,0.00519669308121594,0.0489796102385263,0.0410756578874553,"LAMP3/IFI6/SERPING1/IFI16/CARD16",5
